<ImportExportXml xmlns:xsi="http://www.w3.org/2001/XMLSchema-instance">
  <Entities></Entities>
  <Roles></Roles>
  <Workflows>
    <Workflow WorkflowId="{7953bedc-0908-4ceb-8b31-5c41694dc12d}" Name="Get Website Logo from Account">
      <XamlFileName>/Workflows/GetWebsiteLogofromAccount-7953BEDC-0908-4CEB-8B31-5C41694DC12D.xaml</XamlFileName>
      <Type>1</Type>
      <Subprocess>0</Subprocess>
      <Category>0</Category>
      <Mode>0</Mode>
      <Scope>4</Scope>
      <OnDemand>0</OnDemand>
      <TriggerOnUpdateAttributeList>websiteurl</TriggerOnUpdateAttributeList>
      <TriggerOnCreate>1</TriggerOnCreate>
      <TriggerOnDelete>0</TriggerOnDelete>
      <AsyncAutodelete>1</AsyncAutodelete>
      <SyncWorkflowLogOnFailure>0</SyncWorkflowLogOnFailure>
      <StateCode>1</StateCode>
      <StatusCode>2</StatusCode>
      <RunAs>1</RunAs>
      <IsTransacted>1</IsTransacted>
      <IntroducedVersion>1.0</IntroducedVersion>
      <IsCustomizable>1</IsCustomizable>
      <PrimaryEntity>Account</PrimaryEntity>
    </Workflow>
  </Workflows>
  <FieldSecurityProfiles></FieldSecurityProfiles>
  <Templates />
  <EntityMaps />
  <EntityRelationships />
  <OrganizationSettings />
  <optionsets />
  <SolutionPluginAssemblies>
    <PluginAssembly FullName="Data8.Crm.WebsiteLogo, Version=1.0.5162.16764, Culture=neutral, PublicKeyToken=de66d94ad7b25f75" CustomizationLevel="1">
      <IsolationMode>2</IsolationMode>
      <SourceType>0</SourceType>
      <IntroducedVersion>1.0</IntroducedVersion>
      <FileName>/PluginAssemblies/Data8CrmWebsiteLogo-8E0C5494-61EE-4412-A7DD-0D3367E837F7/Data8CrmWebsiteLogo.dll</FileName>
      <PluginTypes>
        <PluginType AssemblyQualifiedName="Data8.Crm.WebsiteLogo.WebsiteLogoActivity, Data8.Crm.WebsiteLogo, Version=1.0.5162.16764, Culture=neutral, PublicKeyToken=de66d94ad7b25f75" Name="Data8.Crm.WebsiteLogo.WebsiteLogoActivity">
          <FriendlyName>07e8592b-b73d-4439-a673-2652e7eb32e6</FriendlyName>
          <WorkflowActivityGroupName>Data8.Crm.WebsiteLogo (1.0.5162.16764)</WorkflowActivityGroupName>
        </PluginType>
      </PluginTypes>
    </PluginAssembly>
  </SolutionPluginAssemblies>
  <Languages>
    <Language>1033</Language>
  </Languages>
</ImportExportXml>