<ImportExportXml version="8.2.0000.0749" SolutionPackageVersion="8.0" languagecode="1033" generatedBy="OnPremise" xmlns:xsi="http://www.w3.org/2001/XMLSchema-instance">
  <SolutionManifest>
    <UniqueName>WebsiteLogo</UniqueName>
    <LocalizedNames>
      <LocalizedName description="Website Logo" languagecode="1033" />
    </LocalizedNames>
    <Descriptions>
      <Description description="Get logo images from websites" languagecode="1033" />
    </Descriptions>
    <Version>1.0.0.0</Version>
    <Managed>1</Managed>
    <Publisher>
      <UniqueName>data8</UniqueName>
      <LocalizedNames>
        <LocalizedName description="Data8" languagecode="1033" />
      </LocalizedNames>
      <Descriptions>
        <Description description="Data8 is the UK's premier supplier of data quality solutions. Integrated into Microsoft Dynamics CRM they provide fast, accurate data capture, validation and cleansing solutions so you can trust the data you hold on your customers." languagecode="1033" />
      </Descriptions>
      <EMailAddress>info@data-8.co.uk</EMailAddress>
      <SupportingWebsiteUrl>http://www.data-8.co.uk</SupportingWebsiteUrl>
      <CustomizationPrefix>data8</CustomizationPrefix>
      <CustomizationOptionValuePrefix>18182</CustomizationOptionValuePrefix>
      <Addresses>
        <Address>
          <AddressNumber>1</AddressNumber>
          <AddressTypeCode>1</AddressTypeCode>
          <City>CHESTER</City>
          <County xsi:nil="true"></County>
          <Country>United Kingdom</Country>
          <Fax xsi:nil="true"></Fax>
          <FreightTermsCode xsi:nil="true"></FreightTermsCode>
          <ImportSequenceNumber xsi:nil="true"></ImportSequenceNumber>
          <Latitude xsi:nil="true"></Latitude>
          <Line1>Unit 4, Venture Point</Line1>
          <Line2>Stanney Mill Road</Line2>
          <Line3 xsi:nil="true"></Line3>
          <Longitude xsi:nil="true"></Longitude>
          <Name xsi:nil="true"></Name>
          <PostalCode>CH2 4NE</PostalCode>
          <PostOfficeBox xsi:nil="true"></PostOfficeBox>
          <PrimaryContactName xsi:nil="true"></PrimaryContactName>
          <ShippingMethodCode>1</ShippingMethodCode>
          <StateOrProvince>Cheshire</StateOrProvince>
          <Telephone1>0151 355 4555</Telephone1>
          <Telephone2 xsi:nil="true"></Telephone2>
          <Telephone3 xsi:nil="true"></Telephone3>
          <TimeZoneRuleVersionNumber xsi:nil="true"></TimeZoneRuleVersionNumber>
          <UPSZone xsi:nil="true"></UPSZone>
          <UTCOffset xsi:nil="true"></UTCOffset>
          <UTCConversionTimeZoneCode xsi:nil="true"></UTCConversionTimeZoneCode>
        </Address>
        <Address>
          <AddressNumber>2</AddressNumber>
          <AddressTypeCode>1</AddressTypeCode>
          <City xsi:nil="true"></City>
          <County xsi:nil="true"></County>
          <Country xsi:nil="true"></Country>
          <Fax xsi:nil="true"></Fax>
          <FreightTermsCode xsi:nil="true"></FreightTermsCode>
          <ImportSequenceNumber xsi:nil="true"></ImportSequenceNumber>
          <Latitude xsi:nil="true"></Latitude>
          <Line1 xsi:nil="true"></Line1>
          <Line2 xsi:nil="true"></Line2>
          <Line3 xsi:nil="true"></Line3>
          <Longitude xsi:nil="true"></Longitude>
          <Name xsi:nil="true"></Name>
          <PostalCode xsi:nil="true"></PostalCode>
          <PostOfficeBox xsi:nil="true"></PostOfficeBox>
          <PrimaryContactName xsi:nil="true"></PrimaryContactName>
          <ShippingMethodCode>1</ShippingMethodCode>
          <StateOrProvince xsi:nil="true"></StateOrProvince>
          <Telephone1 xsi:nil="true"></Telephone1>
          <Telephone2 xsi:nil="true"></Telephone2>
          <Telephone3 xsi:nil="true"></Telephone3>
          <TimeZoneRuleVersionNumber xsi:nil="true"></TimeZoneRuleVersionNumber>
          <UPSZone xsi:nil="true"></UPSZone>
          <UTCOffset xsi:nil="true"></UTCOffset>
          <UTCConversionTimeZoneCode xsi:nil="true"></UTCConversionTimeZoneCode>
        </Address>
      </Addresses>
    </Publisher>
    <RootComponents>
      <RootComponent type="29" id="{7953bedc-0908-4ceb-8b31-5c41694dc12d}" behavior="0" />
      <RootComponent type="91" schemaName="Data8.Crm.WebsiteLogo, Version=1.0.5162.16764, Culture=neutral, PublicKeyToken=de66d94ad7b25f75" behavior="0" />
    </RootComponents>
    <MissingDependencies />
  </SolutionManifest>
</ImportExportXml>